background,environment,LOH_rate,lower,upper
NA/NA,HU,0.00025380604287351,1.840844979285e-05,0.000489203635954171
NA/NA,RM,0.000105967152343644,4.80807378545902e-06,0.000207126230901829
NA/NA,YPD,2.59116753591853e-05,6.72430321710016e-06,4.50990475012704e-05
WA/NA,HU,0.000133228833234553,2.93613461150764e-05,0.00023709632035403
WA/NA,RM,1.16343490518152e-06,2.70435235444678e-07,2.05643457491837e-06
WA/NA,YPD,4.00603706391557e-06,1.39451149871025e-06,6.61756262912088e-06
WA/WA,HU,0.00132623903725555,-8.31871665433826e-05,0.00273566524105448
WA/WA,RM,5.92634271817619e-06,1.05798385335756e-06,1.07947015829948e-05
WA/WA,YPD,8.00628045968822e-06,2.04100759226127e-06,1.39715533271152e-05
